{

    "Apple":{
        
        "Catergory":[
            "Mobile",
            "Laptop",
            "Earphone",
            "Smartwatch",
            "IPads"
        ]

    },
    "Samsung":{
        
        "Catergory":[
            "Mobile",
            "TV",
            "Monitor",
            "Earphone",
            "Smartwatch",
            "Headphone"
        ]

    },
    "Sony":{
        
        "Catergory":[
            "Mobile",
            "TV",
            "Monitor",
            "Earphone",
            "Smartwatch",
            "Headphone",
            "Speaker"
        ]

    },
    "Xiomi":{
        "Catergory":[
            "Mobile",
            "Laptop",
            "TV",
            "Earphone"
        ]
    },
    "OPPO":{
        "Catergory":[
            "Mobile",
            "Earphone"
        ] 
    },
    "Vivo":{
        "Catergory":[
            "Mobile",
            "Earphone"
        ]
    },
    "Asus":{
        "Catergory":[
            "Mobile",
            "Laptop"
        ]
    }





}