{

    "Mobile":{
        
        "Catergory":[
            "Apple",
            "Samsung",
            "Xiomi",
            "Oppo",
            "Vivo",
            "Asus"
        ]
    },
    "Laptop":{
        
        "Catergory":[
            "Apple",
            "Asus",
            "Xiomi"
        ]

    },
    "Earphone":{
        
        "Catergory":[
            "Apple",
            "Boat",
            "Sony",
            "Samsung",
            "Xiomi",
            "Vivo",
            "Oppo"
        ]

    },
    "Smartwatch":{
        "Catergory":[
            "Apple",
            "Samsung",
            "Boat",
            "Xiomi"
        ]
    },

    "Headphone":{
        "Catergory":[
            "Apple",
            "Samsung",
            "Sony"
        ] 
    },
    "Speaker":{
        "Catergory":[
            "Sony",
            "Boat"
        ]
    },
    "Monitor":{
        "Catergory":[
            "Asus",
            "Xiomi",
            "Sony",
            "Samsung"
        ]
    }


}