{


    "Landing":{

        "LandingHero" : [
        
            {
            "id":"",
            "bg": "#2d1b2c",
            "img":"",
            "text":"Laptops"
            },
            {
            "id":"",
            "bg": "#333d63",
            "img":"",
            "text":"SmartPhone"
            },
            {
            "id":"",
            "bg": "#1e2027",
            "img":"",
            "text":"Headphones"
            },
            {
            "id":"",
            "bg": "#3a3b3f",
            "img":"",
            "text":"Smartwatches"
            }

        ],
        "AdBanners":{
            "Banner1":"",
            "Banner2":"",
            "Banner3":""
        },

        "Fcard":[
            {
                "id":"",      
                "Title":"",
                "Desc":""
            },
            {
                "id":"",
                "Title":"",
         
                "Desc":""
            },
            {
                "id":"",
                "Title":"",
                "Desc":""
            },
            {
                "id":"",
                "Title":"",
                "Desc":""
            }

        ]
    

    }

}