{
    "Products":[
        {
           "pid":"p01",
           "type":"Mobile",
           "brand":"Apple",
           "Name":"Apple IPhone 14 Pro Max",
           "Model":"Iphone 14 Pro Max",
           "Desc":"",
           "Quantity":"",
           "Specification":"",
           "Color":{
                    "option1":"Space Gray",
                    "option2":"Space Gray",
                    "option3":"Space Gray",
                    "option5":"Space Gray",
                    "option4":"Space Gray"
            },
            "MRP":"",
            "Price":"",
            "Variants":{
                "variant1":"128GB",
                "variant2":"256GB",
                "variant3":"512GB"
            },
            "Thumbnail":"",
            "Otherimg":{
                "img1":"",
                "img2":"",
                "img3":"",
                "img4":""
            },
            "reviews":{

            },
            "clicks":"",
            "tag":"",
            "uploaded":""
        },
        {
            "pid":"p02",
            "type":"Mobile",
            "brand":"Apple",
            "Name":"Apple IPhone 14 Pro Max",
            "Model":"Iphone 14 Pro Max",
            "Desc":"",
            "Quantity":"",
            "Specification":"",
            "Color":{
                     "option1":"Space Gray",
                     "option2":"Space Gray",
                     "option3":"Space Gray",
                     "option5":"Space Gray",
                     "option4":"Space Gray"
             },
             "MRP":"",
             "Price":"",
             "Variants":{
                 "variant1":"128GB",
                 "variant2":"256GB",
                 "variant3":"512GB"
             },
             "Thumbnail":"",
             "Otherimg":{
                 "img1":"",
                 "img2":"",
                 "img3":"",
                 "img4":""
             },
             "reviews":{
                 
             }
         },
         {
            "pid":"p03",
            "type":"Mobile",
            "brand":"Apple",
            "Name":"Apple IPhone 14 Pro Max",
            "Model":"Iphone 14 Pro Max",
            "Desc":"",
            "Quantity":"",
            "Specification":"",
            "Color":{
                     "option1":"Space Gray",
                     "option2":"Space Gray",
                     "option3":"Space Gray",
                     "option5":"Space Gray",
                     "option4":"Space Gray"
             },
             "MRP":"",
             "Price":"",
             "Variants":{
                 "variant1":"128GB",
                 "variant2":"256GB",
                 "variant3":"512GB"
             },
             "Thumbnail":"",
             "Otherimg":{
                 "img1":"",
                 "img2":"",
                 "img3":"",
                 "img4":""
             },
             "reviews":{
                 
             }
         },
         {
            "pid":"p04",
            "type":"Mobile",
            "brand":"Apple",
            "Name":"Apple IPhone 14 Pro Max",
            "Model":"Iphone 14 Pro Max",
            "Desc":"",
            "Quantity":"",
            "Specification":"",
            "Color":{
                     "option1":"Space Gray",
                     "option2":"Space Gray",
                     "option3":"Space Gray",
                     "option5":"Space Gray",
                     "option4":"Space Gray"
             },
             "MRP":"",
             "Price":"",
             "Variants":{
                 "variant1":"128GB",
                 "variant2":"256GB",
                 "variant3":"512GB"
             },
             "Thumbnail":"",
             "Otherimg":{
                 "img1":"",
                 "img2":"",
                 "img3":"",
                 "img4":""
             },
             "reviews":{
                 
             }
         },
         {
            "pid":"p05",
            "type":"Mobile",
            "brand":"Apple",
            "Name":"Apple IPhone 14 Pro Max",
            "Model":"Iphone 14 Pro Max",
            "Desc":"",
            "Quantity":"",
            "Specification":"",
            "Color":{
                     "option1":"Space Gray",
                     "option2":"Space Gray",
                     "option3":"Space Gray",
                     "option5":"Space Gray",
                     "option4":"Space Gray"
             },
             "MRP":"",
             "Price":"",
             "Variants":{
                 "variant1":"128GB",
                 "variant2":"256GB",
                 "variant3":"512GB"
             },
             "Thumbnail":"",
             "Otherimg":{
                 "img1":"",
                 "img2":"",
                 "img3":"",
                 "img4":""
             },
             "reviews":{
                 
             }
         },
         {
            "pid":"p06",
            "type":"Mobile",
            "brand":"Apple",
            "Name":"Apple IPhone 14 Pro Max",
            "Model":"Iphone 14 Pro Max",
            "Desc":"",
            "Quantity":"",
            "Specification":"",
            "Color":{
                     "option1":"Space Gray",
                     "option2":"Space Gray",
                     "option3":"Space Gray",
                     "option5":"Space Gray",
                     "option4":"Space Gray"
             },
             "MRP":"",
             "Price":"",
             "Variants":{
                 "variant1":"128GB",
                 "variant2":"256GB",
                 "variant3":"512GB"
             },
             "Thumbnail":"",
             "Otherimg":{
                 "img1":"",
                 "img2":"",
                 "img3":"",
                 "img4":""
             },
             "reviews":{
                 
             }
         },
         {
            "pid":"p07",
            "type":"Mobile",
            "brand":"Apple",
            "Name":"Apple IPhone 14 Pro Max",
            "Model":"Iphone 14 Pro Max",
            "Desc":"",
            "Quantity":"",
            "Specification":"",
            "Color":{
                     "option1":"Space Gray",
                     "option2":"Space Gray",
                     "option3":"Space Gray",
                     "option5":"Space Gray",
                     "option4":"Space Gray"
             },
             "MRP":"",
             "Price":"",
             "Variants":{
                 "variant1":"128GB",
                 "variant2":"256GB",
                 "variant3":"512GB"
             },
             "Thumbnail":"",
             "Otherimg":{
                 "img1":"",
                 "img2":"",
                 "img3":"",
                 "img4":""
             },
             "reviews":{
                 
             }
         },
         {
            "pid":"p08",
            "type":"Mobile",
            "brand":"Apple",
            "Name":"Apple IPhone 14 Pro Max",
            "Model":"Iphone 14 Pro Max",
            "Desc":"",
            "Quantity":"",
            "Specification":"",
            "Color":{
                     "option1":"Space Gray",
                     "option2":"Space Gray",
                     "option3":"Space Gray",
                     "option5":"Space Gray",
                     "option4":"Space Gray"
             },
             "MRP":"",
             "Price":"",
             "Variants":{
                 "variant1":"128GB",
                 "variant2":"256GB",
                 "variant3":"512GB"
             },
             "Thumbnail":"",
             "Otherimg":{
                 "img1":"",
                 "img2":"",
                 "img3":"",
                 "img4":""
             },
             "reviews":{
                 
             }
         }

    ]
}